LABEL_pred,count
neutral,0.42242969110189027
pri_adm_gra_rel_app_rea,0.17369755647763946
amu_exc_joy_lov,0.13796680497925312
dis_ang_ann_dis,0.08725218994928538
sur_cur_con,0.05682342093130475
des_opt_car,0.056708160442600276
rem_emb_dis_sad_gri,0.049562010142923
fea_ner,0.015560165975103735
