LABEL_pred,count
neutral,0.47245274319963115
pri_adm_gra_rel,0.14949285384970032
exc_joy_lov,0.06258644536652835
sur_cur_con,0.061894882434301524
dis_ang_ann,0.059820193637621026
amusement,0.0479483633010604
des_opt_car,0.04541263254956201
app_rea,0.03227293683725219
dis_sad_gri,0.025933609958506226
disapproval,0.01625172890733057
rem_emb,0.013946519133241126
fea_ner,0.0119870908252651
