LABEL_pred,count
neutral,0.44635242595367064
admiration,0.12089431831278091
ecstasy,0.07606315546847989
awe,0.068917828742653
rage,0.05474242249625447
love,0.05255272559640429
amazement,0.03941454419730322
loathing,0.03515039760285813
vigilance,0.033882678345050134
optimism,0.020398755330183243
grief,0.01809381122507779
remorse,0.012792439783335254
terror,0.011985709346548346
disapproval,0.008758787599400715
