LABEL_pred,count
neutral,0.46469069271359603
pri_adm_gra_rel_app_rea,0.2052318401257438
amu_exc_joy_lov,0.10351409004154036
dis_ang_ann_dis,0.06792410463680251
rem_emb_dis_sad_gri,0.055012911193443356
sur_cur_con,0.051644773773436625
des_opt_car,0.035028629168070056
fea_ner,0.01695295834736724
