LABEL_pred,count
neutral,0.3688110474907376
pri_adm_gra_rel,0.14516672280229034
dis_ang_ann,0.0826316380374986
exc_joy_lov,0.08004939934882677
sur_cur_con,0.07499719321881666
amusement,0.0527674862467722
des_opt_car,0.051644773773436625
dis_sad_gri,0.039968564050746606
disapproval,0.03480408667340294
app_rea,0.028965981812057933
fea_ner,0.02065790950937465
rem_emb,0.01953519703603907
