LABEL_pred,count
neutral,0.404783292162587
admiration,0.13193352795867955
ecstasy,0.08432517403997306
awe,0.06692117673478554
love,0.05558050752301819
rage,0.049517179429598025
vigilance,0.04278014821468673
loathing,0.03099034358859196
grief,0.030428924320682685
optimism,0.029755221199191557
amazement,0.0273972602739726
terror,0.01774084886593308
remorse,0.012688075454749608
disapproval,0.00842128901863912
aggressiveness,0.0067370312149112955
